state,date,frequency,unemployment_rate,estimated_employed,labour_participation_rate,general_region,longitude,latitude,area
Andhra Pradesh,2020-01-31,Monthly,5.48,16635535.0,41.02,South,15.9129,79.74,
Andhra Pradesh,2020-02-29,Monthly,5.83,16545652.0,40.9,South,15.9129,79.74,
Andhra Pradesh,2020-03-31,Monthly,5.79,15881197.0,39.18,South,15.9129,79.74,
Andhra Pradesh,2020-04-30,Monthly,20.51,11336911.0,33.1,South,15.9129,79.74,
Andhra Pradesh,2020-05-31,Monthly,17.43,12988845.0,36.46,South,15.9129,79.74,
Andhra Pradesh,2020-06-30,Monthly,3.31,19805400.0,47.41,South,15.9129,79.74,
Andhra Pradesh,2020-07-31,Monthly,8.34,15431615.0,38.91,South,15.9129,79.74,
Andhra Pradesh,2020-08-31,Monthly,6.96,15251776.0,37.83,South,15.9129,79.74,
Andhra Pradesh,2020-09-30,Monthly,6.4,15220312.0,37.47,South,15.9129,79.74,
Andhra Pradesh,2020-10-31,Monthly,6.59,15157557.0,37.34,South,15.9129,79.74,
Assam,2020-01-31,Monthly,4.66,13051904.0,52.98,Northeast,26.2006,92.9376,
Assam,2020-02-29,Monthly,4.41,10088268.0,40.77,Northeast,26.2006,92.9376,
Assam,2020-03-31,Monthly,4.77,11542888.0,46.73,Northeast,26.2006,92.9376,
Assam,2020-04-30,Monthly,11.06,6830817.0,29.55,Northeast,26.2006,92.9376,
Assam,2020-05-31,Monthly,9.55,11367897.0,48.26,Northeast,26.2006,92.9376,
Assam,2020-06-30,Monthly,0.6,9095944.0,35.07,Northeast,26.2006,92.9376,
Assam,2020-07-31,Monthly,3.77,10286757.0,40.88,Northeast,26.2006,92.9376,
Assam,2020-08-31,Monthly,5.53,9781310.0,39.52,Northeast,26.2006,92.9376,
Assam,2020-09-30,Monthly,1.19,14107641.0,54.38,Northeast,26.2006,92.9376,
Assam,2020-10-31,Monthly,3.02,11949329.0,46.84,Northeast,26.2006,92.9376,
Bihar,2020-01-31,Monthly,10.61,26397671.0,37.72,East,25.0961,85.3131,
Bihar,2020-02-29,Monthly,10.29,26281655.0,37.35,East,25.0961,85.3131,
Bihar,2020-03-31,Monthly,15.43,25717519.0,38.69,East,25.0961,85.3131,
Bihar,2020-04-30,Monthly,46.64,16046236.0,38.17,East,25.0961,85.3131,
Bihar,2020-05-31,Monthly,45.96,16280203.0,38.16,East,25.0961,85.3131,
Bihar,2020-06-30,Monthly,17.82,23963933.0,36.86,East,25.0961,85.3131,
Bihar,2020-07-31,Monthly,12.79,24989370.0,36.14,East,25.0961,85.3131,
Bihar,2020-08-31,Monthly,13.44,23795534.0,34.59,East,25.0961,85.3131,
Bihar,2020-09-30,Monthly,11.91,26902907.0,38.35,East,25.0961,85.3131,
Bihar,2020-10-31,Monthly,9.82,25693252.0,35.7,East,25.0961,85.3131,
Chhattisgarh,2020-01-31,Monthly,9.65,8552172.0,43.08,West,21.2787,81.8661,
Chhattisgarh,2020-02-29,Monthly,8.38,9195114.0,45.58,West,21.2787,81.8661,
Chhattisgarh,2020-03-31,Monthly,7.54,9302317.0,45.59,West,21.2787,81.8661,
Chhattisgarh,2020-04-30,Monthly,3.41,7600448.0,35.58,West,21.2787,81.8661,
Chhattisgarh,2020-05-31,Monthly,10.5,6991217.0,35.23,West,21.2787,81.8661,
Chhattisgarh,2020-06-30,Monthly,14.23,7332807.0,38.48,West,21.2787,81.8661,
Chhattisgarh,2020-07-31,Monthly,10.27,8620294.0,43.14,West,21.2787,81.8661,
Chhattisgarh,2020-08-31,Monthly,5.63,9050422.0,42.97,West,21.2787,81.8661,
Chhattisgarh,2020-09-30,Monthly,1.96,9021854.0,41.14,West,21.2787,81.8661,
Chhattisgarh,2020-10-31,Monthly,6.62,8546847.0,40.82,West,21.2787,81.8661,
Delhi,2020-01-31,Monthly,22.23,5805284.0,47.79,North,28.7041,77.1025,
Delhi,2020-02-29,Monthly,14.84,5856307.0,43.92,North,28.7041,77.1025,
Delhi,2020-03-31,Monthly,17.04,5553805.0,42.65,North,28.7041,77.1025,
Delhi,2020-04-30,Monthly,16.68,3119274.0,23.8,North,28.7041,77.1025,
Delhi,2020-05-31,Monthly,42.27,2632404.0,28.91,North,28.7041,77.1025,
Delhi,2020-06-30,Monthly,18.19,4418914.0,34.17,North,28.7041,77.1025,
Delhi,2020-07-31,Monthly,20.3,4291053.0,33.97,North,28.7041,77.1025,
Delhi,2020-08-31,Monthly,13.79,4850107.0,35.41,North,28.7041,77.1025,
Delhi,2020-09-30,Monthly,12.53,4958373.0,35.59,North,28.7041,77.1025,
Delhi,2020-10-31,Monthly,6.27,4842698.0,32.36,North,28.7041,77.1025,
Goa,2020-01-31,Monthly,8.89,416750.0,35.73,West,15.2993,74.124,
Goa,2020-02-29,Monthly,2.81,478068.0,38.38,West,15.2993,74.124,
Goa,2020-03-31,Monthly,5.25,411761.0,33.88,West,15.2993,74.124,
Goa,2020-04-30,Monthly,13.31,500614.0,44.97,West,15.2993,74.124,
Goa,2020-05-31,Monthly,21.25,378244.0,37.36,West,15.2993,74.124,
Goa,2020-06-30,Monthly,9.96,489111.0,42.21,West,15.2993,74.124,
Goa,2020-07-31,Monthly,17.07,458876.0,42.94,West,15.2993,74.124,
Goa,2020-08-31,Monthly,16.21,473016.0,43.76,West,15.2993,74.124,
Goa,2020-09-30,Monthly,15.38,425004.0,38.89,West,15.2993,74.124,
Goa,2020-10-31,Monthly,11.54,392304.0,34.3,West,15.2993,74.124,
Gujarat,2020-01-31,Monthly,5.54,24126346.0,48.49,West,22.2587,71.1924,
Gujarat,2020-02-29,Monthly,6.38,24757795.0,50.11,West,22.2587,71.1924,
Gujarat,2020-03-31,Monthly,6.66,23566641.0,47.75,West,22.2587,71.1924,
Gujarat,2020-04-30,Monthly,18.71,15288878.0,35.5,West,22.2587,71.1924,
Gujarat,2020-05-31,Monthly,12.11,17836936.0,38.23,West,22.2587,71.1924,
Gujarat,2020-06-30,Monthly,3.2,23657055.0,45.96,West,22.2587,71.1924,
Gujarat,2020-07-31,Monthly,1.84,24276120.0,46.41,West,22.2587,71.1924,
Gujarat,2020-08-31,Monthly,1.87,22817232.0,43.55,West,22.2587,71.1924,
Gujarat,2020-09-30,Monthly,3.42,25010199.0,48.41,West,22.2587,71.1924,
Gujarat,2020-10-31,Monthly,4.03,25970259.0,50.49,West,22.2587,71.1924,
Haryana,2020-01-31,Monthly,20.34,7693231.0,43.36,North,29.0588,76.0856,
Haryana,2020-02-29,Monthly,25.77,7322942.0,44.21,North,29.0588,76.0856,
Haryana,2020-03-31,Monthly,25.05,6641555.0,39.63,North,29.0588,76.0856,
Haryana,2020-04-30,Monthly,43.22,5647630.0,44.38,North,29.0588,76.0856,
Haryana,2020-05-31,Monthly,29.02,6437868.0,40.39,North,29.0588,76.0856,
Haryana,2020-06-30,Monthly,26.7,6951934.0,42.14,North,29.0588,76.0856,
Haryana,2020-07-31,Monthly,24.18,6800652.0,39.77,North,29.0588,76.0856,
Haryana,2020-08-31,Monthly,33.5,7113788.0,47.32,North,29.0588,76.0856,
Haryana,2020-09-30,Monthly,19.68,7132439.0,39.2,North,29.0588,76.0856,
Haryana,2020-10-31,Monthly,27.31,6698551.0,40.6,North,29.0588,76.0856,
Himachal Pradesh,2020-01-31,Monthly,16.83,2287632.0,45.5,North,31.1048,77.1734,
Himachal Pradesh,2020-02-29,Monthly,16.84,2180268.0,43.3,North,31.1048,77.1734,
Himachal Pradesh,2020-03-31,Monthly,18.76,2021858.0,41.04,North,31.1048,77.1734,
Himachal Pradesh,2020-04-30,Monthly,2.2,1131128.0,19.04,North,31.1048,77.1734,
Himachal Pradesh,2020-05-31,Monthly,26.95,1897639.0,42.7,North,31.1048,77.1734,
Himachal Pradesh,2020-06-30,Monthly,13.47,2199683.0,41.72,North,31.1048,77.1734,
Himachal Pradesh,2020-07-31,Monthly,24.31,2229456.0,48.25,North,31.1048,77.1734,
Himachal Pradesh,2020-08-31,Monthly,15.79,2029740.0,39.42,North,31.1048,77.1734,
Himachal Pradesh,2020-09-30,Monthly,12.04,2237480.0,41.54,North,31.1048,77.1734,
Himachal Pradesh,2020-10-31,Monthly,13.46,2123965.0,40.01,North,31.1048,77.1734,
Jammu & Kashmir,2020-01-31,Monthly,21.08,3453025.0,42.2,North,33.7782,76.5762,
Jammu & Kashmir,2020-02-29,Monthly,20.78,3223513.0,39.17,North,33.7782,76.5762,
Jammu & Kashmir,2020-03-31,Monthly,15.5,3359107.0,38.18,North,33.7782,76.5762,
Jammu & Kashmir,2020-05-31,Monthly,18.74,3246493.0,38.21,North,33.7782,76.5762,
Jammu & Kashmir,2020-06-30,Monthly,17.92,3202336.0,37.24,North,33.7782,76.5762,
Jammu & Kashmir,2020-07-31,Monthly,10.88,3558889.0,38.03,North,33.7782,76.5762,
Jammu & Kashmir,2020-08-31,Monthly,11.09,3429950.0,36.66,North,33.7782,76.5762,
Jammu & Kashmir,2020-09-30,Monthly,16.17,3210281.0,36.31,North,33.7782,76.5762,
Jammu & Kashmir,2020-10-31,Monthly,16.14,3106691.0,35.05,North,33.7782,76.5762,
Jharkhand,2020-01-31,Monthly,10.61,10198029.0,42.92,East,23.6102,85.2799,
Jharkhand,2020-02-29,Monthly,11.85,10425425.0,44.4,East,23.6102,85.2799,
Jharkhand,2020-03-31,Monthly,8.23,9638115.0,39.34,East,23.6102,85.2799,
Jharkhand,2020-04-30,Monthly,47.09,5335262.0,37.69,East,23.6102,85.2799,
Jharkhand,2020-05-31,Monthly,59.23,4145385.0,37.92,East,23.6102,85.2799,
Jharkhand,2020-06-30,Monthly,20.95,8622722.0,40.59,East,23.6102,85.2799,
Jharkhand,2020-07-31,Monthly,7.63,9521900.0,38.27,East,23.6102,85.2799,
Jharkhand,2020-08-31,Monthly,9.76,9331640.0,38.31,East,23.6102,85.2799,
Jharkhand,2020-09-30,Monthly,8.24,10185670.0,41.04,East,23.6102,85.2799,
Jharkhand,2020-10-31,Monthly,11.8,10302276.0,43.08,East,23.6102,85.2799,
Karnataka,2020-01-31,Monthly,2.86,22688028.0,42.18,South,15.3173,75.7139,
Karnataka,2020-02-29,Monthly,3.61,21677719.0,40.54,South,15.3173,75.7139,
Karnataka,2020-03-31,Monthly,3.46,22079653.0,41.14,South,15.3173,75.7139,
Karnataka,2020-04-30,Monthly,29.84,16718395.0,42.78,South,15.3173,75.7139,
Karnataka,2020-05-31,Monthly,19.97,19397853.0,43.43,South,15.3173,75.7139,
Karnataka,2020-06-30,Monthly,8.44,24215057.0,47.29,South,15.3173,75.7139,
Karnataka,2020-07-31,Monthly,4.01,22885616.0,42.55,South,15.3173,75.7139,
Karnataka,2020-08-31,Monthly,0.5,24094289.0,43.13,South,15.3173,75.7139,
Karnataka,2020-09-30,Monthly,2.41,20127176.0,36.66,South,15.3173,75.7139,
Karnataka,2020-10-31,Monthly,1.58,22356390.0,40.3,South,15.3173,75.7139,
Kerala,2020-01-31,Monthly,5.31,9904534.0,37.12,South,10.8505,76.2711,
Kerala,2020-02-29,Monthly,7.6,9828023.0,37.71,South,10.8505,76.2711,
Kerala,2020-03-31,Monthly,8.99,8221728.0,32.0,South,10.8505,76.2711,
Kerala,2020-04-30,Monthly,16.99,3933276.0,16.77,South,10.8505,76.2711,
Kerala,2020-05-31,Monthly,17.88,7921962.0,34.11,South,10.8505,76.2711,
Kerala,2020-06-30,Monthly,9.71,9228268.0,36.11,South,10.8505,76.2711,
Kerala,2020-07-31,Monthly,7.09,9504420.0,36.1,South,10.8505,76.2711,
Kerala,2020-08-31,Monthly,10.98,9031944.0,35.78,South,10.8505,76.2711,
Kerala,2020-09-30,Monthly,5.91,9240913.0,34.6,South,10.8505,76.2711,
Kerala,2020-10-31,Monthly,3.88,9152881.0,33.52,South,10.8505,76.2711,
Madhya Pradesh,2020-01-31,Monthly,4.11,23018632.0,39.42,West,22.9734,78.6569,
Madhya Pradesh,2020-02-29,Monthly,4.57,22711479.0,39.0,West,22.9734,78.6569,
Madhya Pradesh,2020-03-31,Monthly,2.22,22867164.0,38.24,West,22.9734,78.6569,
Madhya Pradesh,2020-04-30,Monthly,12.36,19041832.0,35.45,West,22.9734,78.6569,
Madhya Pradesh,2020-05-31,Monthly,21.98,18443927.0,38.48,West,22.9734,78.6569,
Madhya Pradesh,2020-06-30,Monthly,6.48,23054646.0,40.04,West,22.9734,78.6569,
Madhya Pradesh,2020-07-31,Monthly,5.08,23940158.0,40.88,West,22.9734,78.6569,
Madhya Pradesh,2020-08-31,Monthly,4.7,23619011.0,40.08,West,22.9734,78.6569,
Madhya Pradesh,2020-09-30,Monthly,3.91,23341952.0,39.2,West,22.9734,78.6569,
Madhya Pradesh,2020-10-31,Monthly,3.13,23144552.0,38.47,West,22.9734,78.6569,
Maharashtra,2020-01-31,Monthly,4.95,42596868.0,44.19,West,19.7515,75.7139,
Maharashtra,2020-02-29,Monthly,4.69,42416317.0,43.8,West,19.7515,75.7139,
Maharashtra,2020-03-31,Monthly,5.79,40196806.0,41.91,West,19.7515,75.7139,
Maharashtra,2020-04-30,Monthly,20.9,27689253.0,34.32,West,19.7515,75.7139,
Maharashtra,2020-05-31,Monthly,15.46,32116847.0,37.17,West,19.7515,75.7139,
Maharashtra,2020-06-30,Monthly,9.23,39708538.0,42.71,West,19.7515,75.7139,
Maharashtra,2020-07-31,Monthly,3.89,40998545.0,41.57,West,19.7515,75.7139,
Maharashtra,2020-08-31,Monthly,6.23,40963616.0,42.49,West,19.7515,75.7139,
Maharashtra,2020-09-30,Monthly,4.55,42042911.0,42.75,West,19.7515,75.7139,
Maharashtra,2020-10-31,Monthly,4.1,43317881.0,43.75,West,19.7515,75.7139,
Meghalaya,2020-01-31,Monthly,1.66,1491093.0,65.49,Northeast,25.467,91.3662,
Meghalaya,2020-02-29,Monthly,3.59,1346829.0,60.2,Northeast,25.467,91.3662,
Meghalaya,2020-03-31,Monthly,1.58,1482351.0,64.74,Northeast,25.467,91.3662,
Meghalaya,2020-04-30,Monthly,10.03,965057.0,45.99,Northeast,25.467,91.3662,
Meghalaya,2020-05-31,Monthly,5.92,1215064.0,55.24,Northeast,25.467,91.3662,
Meghalaya,2020-06-30,Monthly,1.15,1350794.0,58.31,Northeast,25.467,91.3662,
Meghalaya,2020-07-31,Monthly,2.1,1448106.0,62.96,Northeast,25.467,91.3662,
Meghalaya,2020-08-31,Monthly,3.74,1357643.0,59.88,Northeast,25.467,91.3662,
Meghalaya,2020-09-30,Monthly,4.29,1459726.0,64.6,Northeast,25.467,91.3662,
Meghalaya,2020-10-31,Monthly,4.6,1381490.0,61.18,Northeast,25.467,91.3662,
Odisha,2020-01-31,Monthly,1.9,13743448.0,39.44,East,20.9517,85.0985,
Odisha,2020-02-29,Monthly,3.12,14280735.0,41.44,East,20.9517,85.0985,
Odisha,2020-03-31,Monthly,13.08,12272109.0,39.62,East,20.9517,85.0985,
Odisha,2020-04-30,Monthly,23.76,6865693.0,25.23,East,20.9517,85.0985,
Odisha,2020-05-31,Monthly,11.41,11730937.0,37.04,East,20.9517,85.0985,
Odisha,2020-06-30,Monthly,3.77,12903993.0,37.45,East,20.9517,85.0985,
Odisha,2020-07-31,Monthly,1.88,13614400.0,38.69,East,20.9517,85.0985,
Odisha,2020-08-31,Monthly,1.42,14154039.0,39.96,East,20.9517,85.0985,
Odisha,2020-09-30,Monthly,2.1,13608422.0,38.63,East,20.9517,85.0985,
Odisha,2020-10-31,Monthly,2.18,14094553.0,39.98,East,20.9517,85.0985,
Puducherry,2020-01-31,Monthly,0.58,457950.0,37.46,South,11.9416,79.8083,
Puducherry,2020-02-29,Monthly,1.76,493961.0,40.8,South,11.9416,79.8083,
Puducherry,2020-03-31,Monthly,1.2,421028.0,34.49,South,11.9416,79.8083,
Puducherry,2020-04-30,Monthly,75.85,117542.0,39.3,South,11.9416,79.8083,
Puducherry,2020-05-31,Monthly,58.19,172308.0,33.19,South,11.9416,79.8083,
Puducherry,2020-06-30,Monthly,4.24,367135.0,30.8,South,11.9416,79.8083,
Puducherry,2020-07-31,Monthly,15.47,386563.0,36.64,South,11.9416,79.8083,
Puducherry,2020-08-31,Monthly,5.05,396006.0,33.34,South,11.9416,79.8083,
Puducherry,2020-09-30,Monthly,10.9,411717.0,36.84,South,11.9416,79.8083,
Puducherry,2020-10-31,Monthly,6.18,428419.0,36.32,South,11.9416,79.8083,
Punjab,2020-01-31,Monthly,11.11,9442093.0,42.82,North,31.1471,75.3412,
Punjab,2020-02-29,Monthly,10.97,9229047.0,41.72,North,31.1471,75.3412,
Punjab,2020-03-31,Monthly,10.32,9975485.0,44.69,North,31.1471,75.3412,
Punjab,2020-04-30,Monthly,2.86,7020565.0,28.99,North,31.1471,75.3412,
Punjab,2020-05-31,Monthly,28.33,6872938.0,38.39,North,31.1471,75.3412,
Punjab,2020-06-30,Monthly,16.55,8390766.0,40.18,North,31.1471,75.3412,
Punjab,2020-07-31,Monthly,9.19,9732417.0,42.76,North,31.1471,75.3412,
Punjab,2020-08-31,Monthly,10.99,9386169.0,41.99,North,31.1471,75.3412,
Punjab,2020-09-30,Monthly,9.61,8980432.0,39.5,North,31.1471,75.3412,
Punjab,2020-10-31,Monthly,9.88,8800430.0,38.75,North,31.1471,75.3412,
Rajasthan,2020-01-31,Monthly,10.97,20641716.0,40.51,North,27.0238,74.2179,
Rajasthan,2020-02-29,Monthly,15.16,20328915.0,41.77,North,27.0238,74.2179,
Rajasthan,2020-03-31,Monthly,11.9,20024680.0,39.54,North,27.0238,74.2179,
Rajasthan,2020-04-30,Monthly,17.7,15984142.0,33.71,North,27.0238,74.2179,
Rajasthan,2020-05-31,Monthly,15.74,19826602.0,40.74,North,27.0238,74.2179,
Rajasthan,2020-06-30,Monthly,14.39,20506612.0,41.38,North,27.0238,74.2179,
Rajasthan,2020-07-31,Monthly,15.81,19932393.0,40.8,North,27.0238,74.2179,
Rajasthan,2020-08-31,Monthly,17.51,20014060.0,41.71,North,27.0238,74.2179,
Rajasthan,2020-09-30,Monthly,15.35,20149594.0,40.83,North,27.0238,74.2179,
Rajasthan,2020-10-31,Monthly,24.15,19908808.0,44.92,North,27.0238,74.2179,
Sikkim,2020-03-31,Monthly,23.57,262895.0,60.59,Northeast,27.533,88.5122,
Sikkim,2020-04-30,Monthly,2.28,215303.0,38.7,Northeast,27.533,88.5122,
Sikkim,2020-05-31,Monthly,24.51,193427.0,44.88,Northeast,27.533,88.5122,
Sikkim,2020-06-30,Monthly,4.46,221058.0,40.4,Northeast,27.533,88.5122,
Sikkim,2020-07-31,Monthly,4.45,265175.0,48.32,Northeast,27.533,88.5122,
Sikkim,2020-08-31,Monthly,12.49,244462.0,48.49,Northeast,27.533,88.5122,
Sikkim,2020-09-30,Monthly,5.7,231798.0,42.54,Northeast,27.533,88.5122,
Sikkim,2020-10-31,Monthly,0.88,242068.0,42.13,Northeast,27.533,88.5122,
Tamil Nadu,2020-01-31,Monthly,1.57,26881641.0,41.96,South,11.1271,78.6569,
Tamil Nadu,2020-02-29,Monthly,2.09,27570589.0,43.2,South,11.1271,78.6569,
Tamil Nadu,2020-03-31,Monthly,6.4,26830768.0,43.91,South,11.1271,78.6569,
Tamil Nadu,2020-04-30,Monthly,49.83,9719167.0,29.63,South,11.1271,78.6569,
Tamil Nadu,2020-05-31,Monthly,33.16,11483256.0,26.23,South,11.1271,78.6569,
Tamil Nadu,2020-06-30,Monthly,12.2,19096847.0,33.16,South,11.1271,78.6569,
Tamil Nadu,2020-07-31,Monthly,6.81,24572827.0,40.13,South,11.1271,78.6569,
Tamil Nadu,2020-08-31,Monthly,2.65,27046415.0,42.22,South,11.1271,78.6569,
Tamil Nadu,2020-09-30,Monthly,5.0,23025845.0,36.77,South,11.1271,78.6569,
Tamil Nadu,2020-10-31,Monthly,2.16,23651626.0,36.62,South,11.1271,78.6569,
Telangana,2020-01-31,Monthly,5.49,17609295.0,59.25,South,18.1124,79.0193,
Telangana,2020-02-29,Monthly,8.29,16825970.0,58.24,South,18.1124,79.0193,
Telangana,2020-03-31,Monthly,5.77,17341613.0,58.31,South,18.1124,79.0193,
Telangana,2020-04-30,Monthly,6.25,12172230.0,41.06,South,18.1124,79.0193,
Telangana,2020-05-31,Monthly,14.7,14977774.0,55.43,South,18.1124,79.0193,
Telangana,2020-06-30,Monthly,10.55,15108910.0,53.22,South,18.1124,79.0193,
Telangana,2020-07-31,Monthly,5.36,15679417.0,52.1,South,18.1124,79.0193,
Telangana,2020-08-31,Monthly,5.79,18185429.0,60.59,South,18.1124,79.0193,
Telangana,2020-09-30,Monthly,3.27,16961448.0,54.94,South,18.1124,79.0193,
Telangana,2020-10-31,Monthly,2.86,17578739.0,56.58,South,18.1124,79.0193,
Tripura,2020-01-31,Monthly,32.67,1508130.0,69.69,Northeast,23.9408,91.9882,
Tripura,2020-02-29,Monthly,28.4,1584686.0,68.74,Northeast,23.9408,91.9882,
Tripura,2020-03-31,Monthly,29.95,1511217.0,66.89,Northeast,23.9408,91.9882,
Tripura,2020-04-30,Monthly,41.23,971514.0,51.16,Northeast,23.9408,91.9882,
Tripura,2020-05-31,Monthly,21.51,1290986.0,50.81,Northeast,23.9408,91.9882,
Tripura,2020-06-30,Monthly,21.71,1494140.0,58.85,Northeast,23.9408,91.9882,
Tripura,2020-07-31,Monthly,18.24,1348849.0,50.78,Northeast,23.9408,91.9882,
Tripura,2020-08-31,Monthly,27.92,1318621.0,56.21,Northeast,23.9408,91.9882,
Tripura,2020-09-30,Monthly,17.35,1368244.0,50.77,Northeast,23.9408,91.9882,
Tripura,2020-10-31,Monthly,11.57,1576529.0,54.58,Northeast,23.9408,91.9882,
Uttar Pradesh,2020-01-31,Monthly,7.58,59433759.0,39.63,North,26.8467,80.9462,
Uttar Pradesh,2020-02-29,Monthly,8.98,58060531.0,39.23,North,26.8467,80.9462,
Uttar Pradesh,2020-03-31,Monthly,10.11,56976338.0,38.89,North,26.8467,80.9462,
Uttar Pradesh,2020-04-30,Monthly,21.54,50915056.0,39.73,North,26.8467,80.9462,
Uttar Pradesh,2020-05-31,Monthly,20.41,49801902.0,38.22,North,26.8467,80.9462,
Uttar Pradesh,2020-06-30,Monthly,9.47,55380649.0,37.29,North,26.8467,80.9462,
Uttar Pradesh,2020-07-31,Monthly,5.56,56201654.0,36.19,North,26.8467,80.9462,
Uttar Pradesh,2020-08-31,Monthly,5.79,55831744.0,35.96,North,26.8467,80.9462,
Uttar Pradesh,2020-09-30,Monthly,4.18,56106836.0,35.45,North,26.8467,80.9462,
Uttar Pradesh,2020-10-31,Monthly,3.75,56539521.0,35.49,North,26.8467,80.9462,
Uttarakhand,2020-01-31,Monthly,5.49,2711639.0,32.99,North,30.0668,79.0193,
Uttarakhand,2020-02-29,Monthly,4.99,3020931.0,36.48,North,30.0668,79.0193,
Uttarakhand,2020-03-31,Monthly,19.85,2539302.0,36.27,North,30.0668,79.0193,
Uttarakhand,2020-04-30,Monthly,6.48,2720115.0,33.23,North,30.0668,79.0193,
Uttarakhand,2020-05-31,Monthly,8.01,2694072.0,33.38,North,30.0668,79.0193,
Uttarakhand,2020-06-30,Monthly,8.61,2656071.0,33.06,North,30.0668,79.0193,
Uttarakhand,2020-07-31,Monthly,12.38,2938552.0,38.07,North,30.0668,79.0193,
Uttarakhand,2020-08-31,Monthly,14.26,2717528.0,35.9,North,30.0668,79.0193,
Uttarakhand,2020-09-30,Monthly,22.26,2695230.0,39.18,North,30.0668,79.0193,
Uttarakhand,2020-10-31,Monthly,9.23,2739309.0,34.03,North,30.0668,79.0193,
West Bengal,2020-01-31,Monthly,6.94,35820789.0,47.35,East,22.9868,87.855,
West Bengal,2020-02-29,Monthly,4.92,36964178.0,47.74,East,22.9868,87.855,
West Bengal,2020-03-31,Monthly,6.92,35903917.0,47.27,East,22.9868,87.855,
West Bengal,2020-04-30,Monthly,17.41,26938836.0,39.9,East,22.9868,87.855,
West Bengal,2020-05-31,Monthly,17.41,28356675.0,41.92,East,22.9868,87.855,
West Bengal,2020-06-30,Monthly,7.29,30726310.0,40.39,East,22.9868,87.855,
West Bengal,2020-07-31,Monthly,6.83,35372506.0,46.17,East,22.9868,87.855,
West Bengal,2020-08-31,Monthly,14.87,33298644.0,47.48,East,22.9868,87.855,
West Bengal,2020-09-30,Monthly,9.35,35707239.0,47.73,East,22.9868,87.855,
West Bengal,2020-10-31,Monthly,9.98,33962549.0,45.63,East,22.9868,87.855,
Andhra Pradesh,2019-05-31,Monthly,4.87,16787800.0,40.345,South,15.9129,79.74,
Andhra Pradesh,2019-06-30,Monthly,3.425,16580511.0,39.405,South,15.9129,79.74,
Andhra Pradesh,2019-07-31,Monthly,4.695,16744150.0,39.8,South,15.9129,79.74,
Andhra Pradesh,2019-08-31,Monthly,3.965,17028872.0,40.129999999999995,South,15.9129,79.74,
Andhra Pradesh,2019-09-30,Monthly,5.59,16990758.0,40.685,South,15.9129,79.74,
Andhra Pradesh,2019-10-31,Monthly,4.11,16791789.0,39.709999999999994,South,15.9129,79.74,
Andhra Pradesh,2019-11-30,Monthly,5.83,16066453.0,38.81,South,15.9129,79.74,
Andhra Pradesh,2019-12-31,Monthly,6.13,17442358.0,41.875,South,15.9129,79.74,
Assam,2019-05-31,Monthly,6.08,13421041.0,51.155,Northeast,26.2006,92.9376,
Assam,2019-06-30,Monthly,7.485,10570564.0,44.519999999999996,Northeast,26.2006,92.9376,
Assam,2019-07-31,Monthly,3.735,11651372.0,46.265,Northeast,26.2006,92.9376,
Assam,2019-08-31,Monthly,8.09,10887621.0,44.82,Northeast,26.2006,92.9376,
Assam,2019-09-30,Monthly,6.859999999999999,13044829.0,49.165,Northeast,26.2006,92.9376,
Assam,2019-10-31,Monthly,7.91,9991082.0,42.385,Northeast,26.2006,92.9376,
Assam,2019-11-30,Monthly,5.484999999999999,11333407.0,45.615,Northeast,26.2006,92.9376,
Assam,2019-12-31,Monthly,5.02,1722303.0,44.26,Northeast,26.2006,92.9376,
Bihar,2019-05-31,Monthly,14.584999999999999,27351674.0,39.775,East,25.0961,85.3131,
Bihar,2019-06-30,Monthly,11.745,27346576.0,39.53,East,25.0961,85.3131,
Bihar,2019-07-31,Monthly,14.925,26308619.0,39.01,East,25.0961,85.3131,
Bihar,2019-08-31,Monthly,14.33,25254966.0,37.44,East,25.0961,85.3131,
Bihar,2019-09-30,Monthly,14.665,26897782.0,38.91,East,25.0961,85.3131,
Bihar,2019-10-31,Monthly,13.265,27226569.0,39.38,East,25.0961,85.3131,
Bihar,2019-11-30,Monthly,15.010000000000002,25527066.0,38.185,East,25.0961,85.3131,
Bihar,2019-12-31,Monthly,12.535,25892387.0,36.769999999999996,East,25.0961,85.3131,
Chhattisgarh,2019-05-31,Monthly,9.795,8482148.0,44.25,West,21.2787,81.8661,
Chhattisgarh,2019-06-30,Monthly,9.265,8800646.0,44.795,West,21.2787,81.8661,
Chhattisgarh,2019-07-31,Monthly,6.355,9039058.0,44.69,West,21.2787,81.8661,
Chhattisgarh,2019-08-31,Monthly,5.465,9000094.0,44.73,West,21.2787,81.8661,
Chhattisgarh,2019-09-30,Monthly,8.895,8802283.0,45.09,West,21.2787,81.8661,
Chhattisgarh,2019-10-31,Monthly,8.615,9340936.0,46.55,West,21.2787,81.8661,
Chhattisgarh,2019-11-30,Monthly,5.545,9284215.0,45.075,West,21.2787,81.8661,
Chhattisgarh,2019-12-31,Monthly,4.84,8984821.0,44.09,West,21.2787,81.8661,
Delhi,2019-05-31,Monthly,12.435,5925962.0,43.25,North,28.7041,77.1025,
Delhi,2019-06-30,Monthly,11.045,5699248.0,39.225,North,28.7041,77.1025,
Delhi,2019-07-31,Monthly,12.875,5559696.0,41.435,North,28.7041,77.1025,
Delhi,2019-08-31,Monthly,15.35,5687917.0,39.055,North,28.7041,77.1025,
Delhi,2019-09-30,Monthly,16.545,5808309.0,44.019999999999996,North,28.7041,77.1025,
Delhi,2019-10-31,Monthly,14.125,6179874.0,41.84,North,28.7041,77.1025,
Delhi,2019-11-30,Monthly,13.61,5618368.0,42.865,North,28.7041,77.1025,
Delhi,2019-12-31,Monthly,14.02,5864008.0,39.82,North,28.7041,77.1025,
Goa,2019-05-31,Monthly,2.83,444195.0,36.665,West,15.2993,74.124,
Goa,2019-06-30,Monthly,9.39,474486.0,41.075,West,15.2993,74.124,
Goa,2019-07-31,Monthly,11.629999999999999,447804.0,39.905,West,15.2993,74.124,
Goa,2019-08-31,Monthly,3.4400000000000004,426880.0,35.79,West,15.2993,74.124,
Goa,2019-09-30,Monthly,3.385,472858.0,37.85,West,15.2993,74.124,
Goa,2019-10-31,Monthly,9.76,467704.0,40.815,West,15.2993,74.124,
Goa,2019-11-30,Monthly,24.455,431101.0,44.655,West,15.2993,74.124,
Goa,2019-12-31,Monthly,9.879999999999999,465309.0,40.735,West,15.2993,74.124,
Gujarat,2019-05-31,Monthly,3.485,23641286.0,46.85,West,22.2587,71.1924,
Gujarat,2019-06-30,Monthly,5.539999999999999,23344246.0,47.345,West,22.2587,71.1924,
Gujarat,2019-07-31,Monthly,4.865,24155106.0,48.375,West,22.2587,71.1924,
Gujarat,2019-08-31,Monthly,3.95,23735496.0,47.144999999999996,West,22.2587,71.1924,
Gujarat,2019-09-30,Monthly,6.125,22890722.0,46.379999999999995,West,22.2587,71.1924,
Gujarat,2019-10-31,Monthly,5.18,24302729.0,48.705,West,22.2587,71.1924,
Gujarat,2019-11-30,Monthly,6.105,24383944.0,49.025,West,22.2587,71.1924,
Gujarat,2019-12-31,Monthly,4.585,24050637.0,47.629999999999995,West,22.2587,71.1924,
Haryana,2019-05-31,Monthly,19.605,7942782.0,44.15,North,29.0588,76.0856,
Haryana,2019-06-30,Monthly,21.75,7590368.0,44.144999999999996,North,29.0588,76.0856,
Haryana,2019-07-31,Monthly,20.835,7232533.0,40.47,North,29.0588,76.0856,
Haryana,2019-08-31,Monthly,27.565,7081311.0,44.05,North,29.0588,76.0856,
Haryana,2019-09-30,Monthly,21.6,7803818.0,44.21,North,29.0588,76.0856,
Haryana,2019-10-31,Monthly,22.605,7620289.0,44.325,North,29.0588,76.0856,
Haryana,2019-11-30,Monthly,21.825,7280002.0,40.83,North,29.0588,76.0856,
Haryana,2019-12-31,Monthly,26.604999999999997,7152319.0,43.485,North,29.0588,76.0856,
Himachal Pradesh,2019-05-31,Monthly,12.280000000000001,2291428.0,44.75,North,31.1048,77.1734,
Himachal Pradesh,2019-06-30,Monthly,16.43,2194657.0,45.379999999999995,North,31.1048,77.1734,
Himachal Pradesh,2019-07-31,Monthly,21.05,2152718.0,47.065,North,31.1048,77.1734,
Himachal Pradesh,2019-08-31,Monthly,21.52,2205563.0,48.04,North,31.1048,77.1734,
Himachal Pradesh,2019-09-30,Monthly,13.99,2287014.0,45.445,North,31.1048,77.1734,
Himachal Pradesh,2019-10-31,Monthly,19.79,2179279.0,46.25,North,31.1048,77.1734,
Himachal Pradesh,2019-11-30,Monthly,25.064999999999998,2257438.0,50.335,North,31.1048,77.1734,
Himachal Pradesh,2019-12-31,Monthly,22.39,2164187.0,48.3,North,31.1048,77.1734,
Jammu & Kashmir,2019-05-31,Monthly,17.91,3625325.0,43.655,North,33.7782,76.5762,
Jammu & Kashmir,2019-06-30,Monthly,15.985,3563557.0,42.095,North,33.7782,76.5762,
Jammu & Kashmir,2019-07-31,Monthly,17.61,3733086.0,44.754999999999995,North,33.7782,76.5762,
Jammu & Kashmir,2019-08-31,Monthly,11.32,2778624.0,44.17,North,33.7782,76.5762,
Jammu & Kashmir,2019-10-31,Monthly,21.665,3506708.0,42.855000000000004,North,33.7782,76.5762,
Jammu & Kashmir,2019-11-30,Monthly,14.51,3642517.0,42.305,North,33.7782,76.5762,
Jammu & Kashmir,2019-12-31,Monthly,7.02,1209085.0,40.71,North,33.7782,76.5762,
Jharkhand,2019-05-31,Monthly,12.17,9439799.0,41.144999999999996,East,23.6102,85.2799,
Jharkhand,2019-06-30,Monthly,14.485000000000001,9646693.0,42.315,East,23.6102,85.2799,
Jharkhand,2019-07-31,Monthly,12.825,9392983.0,41.239999999999995,East,23.6102,85.2799,
Jharkhand,2019-08-31,Monthly,16.155,9350762.0,42.09,East,23.6102,85.2799,
Jharkhand,2019-09-30,Monthly,14.14,9857749.0,42.71,East,23.6102,85.2799,
Jharkhand,2019-10-31,Monthly,12.81,10221439.0,43.575,East,23.6102,85.2799,
Jharkhand,2019-11-30,Monthly,12.705,9703909.0,41.715,East,23.6102,85.2799,
Jharkhand,2019-12-31,Monthly,18.580000000000002,9163607.0,42.115,East,23.6102,85.2799,
Karnataka,2019-05-31,Monthly,6.01,22549679.0,43.489999999999995,South,15.3173,75.7139,
Karnataka,2019-06-30,Monthly,5.49,21750988.0,42.004999999999995,South,15.3173,75.7139,
Karnataka,2019-07-31,Monthly,1.405,20907837.0,38.755,South,15.3173,75.7139,
Karnataka,2019-08-31,Monthly,0.8200000000000001,21300810.0,38.985,South,15.3173,75.7139,
Karnataka,2019-09-30,Monthly,3.385,22389686.0,41.725,South,15.3173,75.7139,
Karnataka,2019-10-31,Monthly,5.5,21602776.0,41.400000000000006,South,15.3173,75.7139,
Karnataka,2019-11-30,Monthly,2.315,20151052.0,37.525000000000006,South,15.3173,75.7139,
Karnataka,2019-12-31,Monthly,0.985,21348508.0,38.79,South,15.3173,75.7139,
Kerala,2019-05-31,Monthly,6.37,9790268.0,37.36,South,10.8505,76.2711,
Kerala,2019-06-30,Monthly,7.835,10284001.0,39.805,South,10.8505,76.2711,
Kerala,2019-07-31,Monthly,6.265000000000001,8960604.0,34.045,South,10.8505,76.2711,
Kerala,2019-08-31,Monthly,9.005,9682099.0,37.905,South,10.8505,76.2711,
Kerala,2019-09-30,Monthly,5.435,10041141.0,37.769999999999996,South,10.8505,76.2711,
Kerala,2019-10-31,Monthly,7.245,9973335.0,38.255,South,10.8505,76.2711,
Kerala,2019-11-30,Monthly,5.855,8620673.0,32.535,South,10.8505,76.2711,
Kerala,2019-12-31,Monthly,9.04,9506087.0,37.115,South,10.8505,76.2711,
Madhya Pradesh,2019-05-31,Monthly,3.77,22042558.0,38.465,West,22.9734,78.6569,
Madhya Pradesh,2019-06-30,Monthly,5.3149999999999995,22804134.0,39.64,West,22.9734,78.6569,
Madhya Pradesh,2019-07-31,Monthly,5.65,22541153.0,38.935,West,22.9734,78.6569,
Madhya Pradesh,2019-08-31,Monthly,5.880000000000001,23368971.0,40.925,West,22.9734,78.6569,
Madhya Pradesh,2019-09-30,Monthly,5.04,22815282.0,39.535,West,22.9734,78.6569,
Madhya Pradesh,2019-10-31,Monthly,3.6900000000000004,23664353.0,39.83,West,22.9734,78.6569,
Madhya Pradesh,2019-11-30,Monthly,4.39,22765885.0,38.69,West,22.9734,78.6569,
Madhya Pradesh,2019-12-31,Monthly,4.57,23642050.0,40.3,West,22.9734,78.6569,
Maharashtra,2019-05-31,Monthly,4.875,40859432.0,42.705,West,19.7515,75.7139,
Maharashtra,2019-06-30,Monthly,5.4,40431564.0,42.495,West,19.7515,75.7139,
Maharashtra,2019-07-31,Monthly,5.005,42059427.0,43.805,West,19.7515,75.7139,
Maharashtra,2019-08-31,Monthly,5.665,43438156.0,45.255,West,19.7515,75.7139,
Maharashtra,2019-09-30,Monthly,6.0,42615679.0,44.66,West,19.7515,75.7139,
Maharashtra,2019-10-31,Monthly,5.66,41552240.0,43.33,West,19.7515,75.7139,
Maharashtra,2019-11-30,Monthly,5.64,42368066.0,44.07,West,19.7515,75.7139,
Maharashtra,2019-12-31,Monthly,5.43,42938769.0,44.275,West,19.7515,75.7139,
Meghalaya,2019-05-31,Monthly,5.78,1347989.0,56.959999999999994,Northeast,25.467,91.3662,
Meghalaya,2019-06-30,Monthly,6.445,1256049.0,54.69,Northeast,25.467,91.3662,
Meghalaya,2019-07-31,Monthly,2.73,1442526.0,61.61,Northeast,25.467,91.3662,
Meghalaya,2019-08-31,Monthly,3.16,1325158.0,56.565,Northeast,25.467,91.3662,
Meghalaya,2019-09-30,Monthly,2.77,1416046.0,58.394999999999996,Northeast,25.467,91.3662,
Meghalaya,2019-10-31,Monthly,5.45,1314984.0,55.575,Northeast,25.467,91.3662,
Meghalaya,2019-11-30,Monthly,2.26,1499134.0,63.025000000000006,Northeast,25.467,91.3662,
Meghalaya,2019-12-31,Monthly,3.505,1370414.0,58.11,Northeast,25.467,91.3662,
Odisha,2019-05-31,Monthly,3.56,13675335.0,40.864999999999995,East,20.9517,85.0985,
Odisha,2019-06-30,Monthly,3.67,13321444.0,39.165,East,20.9517,85.0985,
Odisha,2019-07-31,Monthly,2.545,14552120.0,42.019999999999996,East,20.9517,85.0985,
Odisha,2019-08-31,Monthly,3.59,14184642.0,41.19,East,20.9517,85.0985,
Odisha,2019-09-30,Monthly,4.045,13738378.0,41.235,East,20.9517,85.0985,
Odisha,2019-10-31,Monthly,4.390000000000001,14078389.0,41.195,East,20.9517,85.0985,
Odisha,2019-11-30,Monthly,3.4749999999999996,14787092.0,42.885000000000005,East,20.9517,85.0985,
Odisha,2019-12-31,Monthly,4.015,13714117.0,39.685,East,20.9517,85.0985,
Puducherry,2019-05-31,Monthly,0.625,456379.0,39.394999999999996,South,11.9416,79.8083,
Puducherry,2019-06-30,Monthly,0.0,488896.0,41.84,South,11.9416,79.8083,
Puducherry,2019-07-31,Monthly,0.0,420344.0,34.665000000000006,South,11.9416,79.8083,
Puducherry,2019-08-31,Monthly,6.8999999999999995,496812.0,45.12,South,11.9416,79.8083,
Puducherry,2019-09-30,Monthly,0.61,462291.0,39.535,South,11.9416,79.8083,
Puducherry,2019-10-31,Monthly,1.1749999999999998,492831.0,41.855000000000004,South,11.9416,79.8083,
Puducherry,2019-11-30,Monthly,0.685,417790.0,34.595,South,11.9416,79.8083,
Puducherry,2019-12-31,Monthly,3.6,493943.0,42.745000000000005,South,11.9416,79.8083,
Punjab,2019-05-31,Monthly,11.33,9378465.0,42.41,North,31.1471,75.3412,
Punjab,2019-06-30,Monthly,12.690000000000001,9333033.0,42.905,North,31.1471,75.3412,
Punjab,2019-07-31,Monthly,10.625,9900571.0,44.56,North,31.1471,75.3412,
Punjab,2019-08-31,Monthly,9.34,9683290.0,42.845,North,31.1471,75.3412,
Punjab,2019-09-30,Monthly,12.14,9488149.0,42.730000000000004,North,31.1471,75.3412,
Punjab,2019-10-31,Monthly,13.155000000000001,9092359.0,41.379999999999995,North,31.1471,75.3412,
Punjab,2019-11-30,Monthly,8.73,9997265.0,43.685,North,31.1471,75.3412,
Punjab,2019-12-31,Monthly,9.05,9739993.0,42.785,North,31.1471,75.3412,
Rajasthan,2019-05-31,Monthly,8.825,20334441.0,38.980000000000004,North,27.0238,74.2179,
Rajasthan,2019-06-30,Monthly,14.03,19851738.0,40.875,North,27.0238,74.2179,
Rajasthan,2019-07-31,Monthly,10.684999999999999,20232343.0,40.08,North,27.0238,74.2179,
Rajasthan,2019-08-31,Monthly,13.605,20247221.0,40.91,North,27.0238,74.2179,
Rajasthan,2019-09-30,Monthly,9.040000000000001,20596598.0,39.195,North,27.0238,74.2179,
Rajasthan,2019-10-31,Monthly,13.84,20562879.0,41.745,North,27.0238,74.2179,
Rajasthan,2019-11-30,Monthly,12.385000000000002,20585271.0,40.8,North,27.0238,74.2179,
Rajasthan,2019-12-31,Monthly,16.0,20594788.0,41.95,North,27.0238,74.2179,
Sikkim,2019-05-31,Monthly,8.2,89587.0,48.61,Northeast,27.533,88.5122,
Sikkim,2019-06-30,Monthly,7.76,89702.0,48.13,Northeast,27.533,88.5122,
Sikkim,2019-07-31,Monthly,2.56,108334.0,54.67,Northeast,27.533,88.5122,
Sikkim,2019-08-31,Monthly,4.82,90850.0,46.63,Northeast,27.533,88.5122,
Sikkim,2019-09-30,Monthly,4.81,89450.0,45.61,Northeast,27.533,88.5122,
Sikkim,2019-10-31,Monthly,7.58,234662.0,45.515,Northeast,27.533,88.5122,
Sikkim,2019-11-30,Monthly,8.575,270177.0,53.42,Northeast,27.533,88.5122,
Sikkim,2019-12-31,Monthly,4.1850000000000005,249682.0,45.769999999999996,Northeast,27.533,88.5122,
Tamil Nadu,2019-05-31,Monthly,0.9299999999999999,27642778.0,43.375,South,11.1271,78.6569,
Tamil Nadu,2019-06-30,Monthly,1.24,28694048.0,45.075,South,11.1271,78.6569,
Tamil Nadu,2019-07-31,Monthly,4.595,28510342.0,46.415,South,11.1271,78.6569,
Tamil Nadu,2019-08-31,Monthly,6.22,28397024.0,46.650000000000006,South,11.1271,78.6569,
Tamil Nadu,2019-09-30,Monthly,1.7850000000000001,26498265.0,41.69,South,11.1271,78.6569,
Tamil Nadu,2019-10-31,Monthly,1.295,27819595.0,43.485,South,11.1271,78.6569,
Tamil Nadu,2019-11-30,Monthly,2.5549999999999997,27953382.0,44.165000000000006,South,11.1271,78.6569,
Tamil Nadu,2019-12-31,Monthly,5.890000000000001,27617327.0,45.045,South,11.1271,78.6569,
Telangana,2019-05-31,Monthly,1.875,16614002.0,53.165000000000006,South,18.1124,79.0193,
Telangana,2019-06-30,Monthly,3.675,16412171.0,53.81,South,18.1124,79.0193,
Telangana,2019-07-31,Monthly,3.09,16971191.0,54.38,South,18.1124,79.0193,
Telangana,2019-08-31,Monthly,2.795,16288652.0,52.31,South,18.1124,79.0193,
Telangana,2019-09-30,Monthly,5.84,18305200.0,59.925,South,18.1124,79.0193,
Telangana,2019-10-31,Monthly,7.015000000000001,16693695.0,55.5,South,18.1124,79.0193,
Telangana,2019-11-30,Monthly,5.85,16603947.0,54.519999999999996,South,18.1124,79.0193,
Telangana,2019-12-31,Monthly,2.785,16385838.0,51.870000000000005,South,18.1124,79.0193,
Tripura,2019-05-31,Monthly,31.97,1442676.0,66.985,Northeast,23.9408,91.9882,
Tripura,2019-06-30,Monthly,26.115000000000002,1515751.0,63.1,Northeast,23.9408,91.9882,
Tripura,2019-07-31,Monthly,24.14,1463180.0,59.82,Northeast,23.9408,91.9882,
Tripura,2019-08-31,Monthly,29.47,1344478.0,58.68,Northeast,23.9408,91.9882,
Tripura,2019-09-30,Monthly,31.9,1452451.0,66.4,Northeast,23.9408,91.9882,
Tripura,2019-10-31,Monthly,27.105,1528572.0,64.10499999999999,Northeast,23.9408,91.9882,
Tripura,2019-11-30,Monthly,26.2,1512333.0,63.215,Northeast,23.9408,91.9882,
Tripura,2019-12-31,Monthly,30.005,1446305.0,63.215,Northeast,23.9408,91.9882,
Uttar Pradesh,2019-05-31,Monthly,12.33,56679052.0,40.195,North,26.8467,80.9462,
Uttar Pradesh,2019-06-30,Monthly,11.375,55901024.0,39.535,North,26.8467,80.9462,
Uttar Pradesh,2019-07-31,Monthly,10.495000000000001,56559431.0,39.605000000000004,North,26.8467,80.9462,
Uttar Pradesh,2019-08-31,Monthly,13.100000000000001,56878987.0,40.555,North,26.8467,80.9462,
Uttar Pradesh,2019-09-30,Monthly,10.015,57721732.0,39.43,North,26.8467,80.9462,
Uttar Pradesh,2019-10-31,Monthly,10.265,56771568.0,39.39,North,26.8467,80.9462,
Uttar Pradesh,2019-11-30,Monthly,9.125,57390418.0,39.305,North,26.8467,80.9462,
Uttar Pradesh,2019-12-31,Monthly,10.399999999999999,58497287.0,39.99,North,26.8467,80.9462,
Uttarakhand,2019-05-31,Monthly,5.4,2784841.0,31.9,North,30.0668,79.0193,
Uttarakhand,2019-06-30,Monthly,4.67,2928442.0,35.275,North,30.0668,79.0193,
Uttarakhand,2019-07-31,Monthly,6.34,2860424.0,34.724999999999994,North,30.0668,79.0193,
Uttarakhand,2019-08-31,Monthly,6.77,2735347.0,33.3,North,30.0668,79.0193,
Uttarakhand,2019-09-30,Monthly,6.545,2868995.0,33.15,North,30.0668,79.0193,
Uttarakhand,2019-10-31,Monthly,4.775,2952836.0,35.385,North,30.0668,79.0193,
Uttarakhand,2019-11-30,Monthly,5.949999999999999,2912016.0,35.17,North,30.0668,79.0193,
Uttarakhand,2019-12-31,Monthly,5.955,2792345.0,33.42,North,30.0668,79.0193,
West Bengal,2019-05-31,Monthly,6.635,34759052.0,46.39,East,22.9868,87.855,
West Bengal,2019-06-30,Monthly,6.615,36154963.0,46.935,East,22.9868,87.855,
West Bengal,2019-07-31,Monthly,6.765000000000001,35637636.0,46.58,East,22.9868,87.855,
West Bengal,2019-08-31,Monthly,6.425,36381320.0,47.78,East,22.9868,87.855,
West Bengal,2019-09-30,Monthly,6.525,36769422.0,47.805,East,22.9868,87.855,
West Bengal,2019-10-31,Monthly,7.305,34916704.0,45.67,East,22.9868,87.855,
West Bengal,2019-11-30,Monthly,6.220000000000001,36398821.0,46.72,East,22.9868,87.855,
West Bengal,2019-12-31,Monthly,6.515000000000001,36241935.0,47.22,East,22.9868,87.855,
