state,date,frequency,general_region,longitude,latitude,unemployment_rate,estimated_employed,labour_participation_rate
Andhra Pradesh,2019-05-31,Monthly,South,15.9129,79.74,4.87,16787800.0,40.345
Andhra Pradesh,2019-06-30,Monthly,South,15.9129,79.74,3.425,16580511.0,39.405
Andhra Pradesh,2019-07-31,Monthly,South,15.9129,79.74,4.695,16744150.0,39.8
Andhra Pradesh,2019-08-31,Monthly,South,15.9129,79.74,3.965,17028872.0,40.129999999999995
Andhra Pradesh,2019-09-30,Monthly,South,15.9129,79.74,5.59,16990758.0,40.685
Andhra Pradesh,2019-10-31,Monthly,South,15.9129,79.74,4.11,16791789.0,39.709999999999994
Andhra Pradesh,2019-11-30,Monthly,South,15.9129,79.74,5.83,16066453.0,38.81
Andhra Pradesh,2019-12-31,Monthly,South,15.9129,79.74,6.13,17442358.0,41.875
Assam,2019-05-31,Monthly,Northeast,26.2006,92.9376,6.08,13421041.0,51.155
Assam,2019-06-30,Monthly,Northeast,26.2006,92.9376,7.485,10570564.0,44.519999999999996
Assam,2019-07-31,Monthly,Northeast,26.2006,92.9376,3.735,11651372.0,46.265
Assam,2019-08-31,Monthly,Northeast,26.2006,92.9376,8.09,10887621.0,44.82
Assam,2019-09-30,Monthly,Northeast,26.2006,92.9376,6.859999999999999,13044829.0,49.165
Assam,2019-10-31,Monthly,Northeast,26.2006,92.9376,7.91,9991082.0,42.385
Assam,2019-11-30,Monthly,Northeast,26.2006,92.9376,5.484999999999999,11333407.0,45.615
Assam,2019-12-31,Monthly,Northeast,26.2006,92.9376,5.02,1722303.0,44.26
Bihar,2019-05-31,Monthly,East,25.0961,85.3131,14.584999999999999,27351674.0,39.775
Bihar,2019-06-30,Monthly,East,25.0961,85.3131,11.745,27346576.0,39.53
Bihar,2019-07-31,Monthly,East,25.0961,85.3131,14.925,26308619.0,39.01
Bihar,2019-08-31,Monthly,East,25.0961,85.3131,14.33,25254966.0,37.44
Bihar,2019-09-30,Monthly,East,25.0961,85.3131,14.665,26897782.0,38.91
Bihar,2019-10-31,Monthly,East,25.0961,85.3131,13.265,27226569.0,39.38
Bihar,2019-11-30,Monthly,East,25.0961,85.3131,15.010000000000002,25527066.0,38.185
Bihar,2019-12-31,Monthly,East,25.0961,85.3131,12.535,25892387.0,36.769999999999996
Chhattisgarh,2019-05-31,Monthly,West,21.2787,81.8661,9.795,8482148.0,44.25
Chhattisgarh,2019-06-30,Monthly,West,21.2787,81.8661,9.265,8800646.0,44.795
Chhattisgarh,2019-07-31,Monthly,West,21.2787,81.8661,6.355,9039058.0,44.69
Chhattisgarh,2019-08-31,Monthly,West,21.2787,81.8661,5.465,9000094.0,44.73
Chhattisgarh,2019-09-30,Monthly,West,21.2787,81.8661,8.895,8802283.0,45.09
Chhattisgarh,2019-10-31,Monthly,West,21.2787,81.8661,8.615,9340936.0,46.55
Chhattisgarh,2019-11-30,Monthly,West,21.2787,81.8661,5.545,9284215.0,45.075
Chhattisgarh,2019-12-31,Monthly,West,21.2787,81.8661,4.84,8984821.0,44.09
Delhi,2019-05-31,Monthly,North,28.7041,77.1025,12.435,5925962.0,43.25
Delhi,2019-06-30,Monthly,North,28.7041,77.1025,11.045,5699248.0,39.225
Delhi,2019-07-31,Monthly,North,28.7041,77.1025,12.875,5559696.0,41.435
Delhi,2019-08-31,Monthly,North,28.7041,77.1025,15.35,5687917.0,39.055
Delhi,2019-09-30,Monthly,North,28.7041,77.1025,16.545,5808309.0,44.019999999999996
Delhi,2019-10-31,Monthly,North,28.7041,77.1025,14.125,6179874.0,41.84
Delhi,2019-11-30,Monthly,North,28.7041,77.1025,13.61,5618368.0,42.865
Delhi,2019-12-31,Monthly,North,28.7041,77.1025,14.02,5864008.0,39.82
Goa,2019-05-31,Monthly,West,15.2993,74.124,2.83,444195.0,36.665
Goa,2019-06-30,Monthly,West,15.2993,74.124,9.39,474486.0,41.075
Goa,2019-07-31,Monthly,West,15.2993,74.124,11.629999999999999,447804.0,39.905
Goa,2019-08-31,Monthly,West,15.2993,74.124,3.4400000000000004,426880.0,35.79
Goa,2019-09-30,Monthly,West,15.2993,74.124,3.385,472858.0,37.85
Goa,2019-10-31,Monthly,West,15.2993,74.124,9.76,467704.0,40.815
Goa,2019-11-30,Monthly,West,15.2993,74.124,24.455,431101.0,44.655
Goa,2019-12-31,Monthly,West,15.2993,74.124,9.879999999999999,465309.0,40.735
Gujarat,2019-05-31,Monthly,West,22.2587,71.1924,3.485,23641286.0,46.85
Gujarat,2019-06-30,Monthly,West,22.2587,71.1924,5.539999999999999,23344246.0,47.345
Gujarat,2019-07-31,Monthly,West,22.2587,71.1924,4.865,24155106.0,48.375
Gujarat,2019-08-31,Monthly,West,22.2587,71.1924,3.95,23735496.0,47.144999999999996
Gujarat,2019-09-30,Monthly,West,22.2587,71.1924,6.125,22890722.0,46.379999999999995
Gujarat,2019-10-31,Monthly,West,22.2587,71.1924,5.18,24302729.0,48.705
Gujarat,2019-11-30,Monthly,West,22.2587,71.1924,6.105,24383944.0,49.025
Gujarat,2019-12-31,Monthly,West,22.2587,71.1924,4.585,24050637.0,47.629999999999995
Haryana,2019-05-31,Monthly,North,29.0588,76.0856,19.605,7942782.0,44.15
Haryana,2019-06-30,Monthly,North,29.0588,76.0856,21.75,7590368.0,44.144999999999996
Haryana,2019-07-31,Monthly,North,29.0588,76.0856,20.835,7232533.0,40.47
Haryana,2019-08-31,Monthly,North,29.0588,76.0856,27.565,7081311.0,44.05
Haryana,2019-09-30,Monthly,North,29.0588,76.0856,21.6,7803818.0,44.21
Haryana,2019-10-31,Monthly,North,29.0588,76.0856,22.605,7620289.0,44.325
Haryana,2019-11-30,Monthly,North,29.0588,76.0856,21.825,7280002.0,40.83
Haryana,2019-12-31,Monthly,North,29.0588,76.0856,26.604999999999997,7152319.0,43.485
Himachal Pradesh,2019-05-31,Monthly,North,31.1048,77.1734,12.280000000000001,2291428.0,44.75
Himachal Pradesh,2019-06-30,Monthly,North,31.1048,77.1734,16.43,2194657.0,45.379999999999995
Himachal Pradesh,2019-07-31,Monthly,North,31.1048,77.1734,21.05,2152718.0,47.065
Himachal Pradesh,2019-08-31,Monthly,North,31.1048,77.1734,21.52,2205563.0,48.04
Himachal Pradesh,2019-09-30,Monthly,North,31.1048,77.1734,13.99,2287014.0,45.445
Himachal Pradesh,2019-10-31,Monthly,North,31.1048,77.1734,19.79,2179279.0,46.25
Himachal Pradesh,2019-11-30,Monthly,North,31.1048,77.1734,25.064999999999998,2257438.0,50.335
Himachal Pradesh,2019-12-31,Monthly,North,31.1048,77.1734,22.39,2164187.0,48.3
Jammu & Kashmir,2019-05-31,Monthly,North,33.7782,76.5762,17.91,3625325.0,43.655
Jammu & Kashmir,2019-06-30,Monthly,North,33.7782,76.5762,15.985,3563557.0,42.095
Jammu & Kashmir,2019-07-31,Monthly,North,33.7782,76.5762,17.61,3733086.0,44.754999999999995
Jammu & Kashmir,2019-08-31,Monthly,North,33.7782,76.5762,11.32,2778624.0,44.17
Jammu & Kashmir,2019-10-31,Monthly,North,33.7782,76.5762,21.665,3506708.0,42.855000000000004
Jammu & Kashmir,2019-11-30,Monthly,North,33.7782,76.5762,14.51,3642517.0,42.305
Jammu & Kashmir,2019-12-31,Monthly,North,33.7782,76.5762,7.02,1209085.0,40.71
Jharkhand,2019-05-31,Monthly,East,23.6102,85.2799,12.17,9439799.0,41.144999999999996
Jharkhand,2019-06-30,Monthly,East,23.6102,85.2799,14.485000000000001,9646693.0,42.315
Jharkhand,2019-07-31,Monthly,East,23.6102,85.2799,12.825,9392983.0,41.239999999999995
Jharkhand,2019-08-31,Monthly,East,23.6102,85.2799,16.155,9350762.0,42.09
Jharkhand,2019-09-30,Monthly,East,23.6102,85.2799,14.14,9857749.0,42.71
Jharkhand,2019-10-31,Monthly,East,23.6102,85.2799,12.81,10221439.0,43.575
Jharkhand,2019-11-30,Monthly,East,23.6102,85.2799,12.705,9703909.0,41.715
Jharkhand,2019-12-31,Monthly,East,23.6102,85.2799,18.580000000000002,9163607.0,42.115
Karnataka,2019-05-31,Monthly,South,15.3173,75.7139,6.01,22549679.0,43.489999999999995
Karnataka,2019-06-30,Monthly,South,15.3173,75.7139,5.49,21750988.0,42.004999999999995
Karnataka,2019-07-31,Monthly,South,15.3173,75.7139,1.405,20907837.0,38.755
Karnataka,2019-08-31,Monthly,South,15.3173,75.7139,0.8200000000000001,21300810.0,38.985
Karnataka,2019-09-30,Monthly,South,15.3173,75.7139,3.385,22389686.0,41.725
Karnataka,2019-10-31,Monthly,South,15.3173,75.7139,5.5,21602776.0,41.400000000000006
Karnataka,2019-11-30,Monthly,South,15.3173,75.7139,2.315,20151052.0,37.525000000000006
Karnataka,2019-12-31,Monthly,South,15.3173,75.7139,0.985,21348508.0,38.79
Kerala,2019-05-31,Monthly,South,10.8505,76.2711,6.37,9790268.0,37.36
Kerala,2019-06-30,Monthly,South,10.8505,76.2711,7.835,10284001.0,39.805
Kerala,2019-07-31,Monthly,South,10.8505,76.2711,6.265000000000001,8960604.0,34.045
Kerala,2019-08-31,Monthly,South,10.8505,76.2711,9.005,9682099.0,37.905
Kerala,2019-09-30,Monthly,South,10.8505,76.2711,5.435,10041141.0,37.769999999999996
Kerala,2019-10-31,Monthly,South,10.8505,76.2711,7.245,9973335.0,38.255
Kerala,2019-11-30,Monthly,South,10.8505,76.2711,5.855,8620673.0,32.535
Kerala,2019-12-31,Monthly,South,10.8505,76.2711,9.04,9506087.0,37.115
Madhya Pradesh,2019-05-31,Monthly,West,22.9734,78.6569,3.77,22042558.0,38.465
Madhya Pradesh,2019-06-30,Monthly,West,22.9734,78.6569,5.3149999999999995,22804134.0,39.64
Madhya Pradesh,2019-07-31,Monthly,West,22.9734,78.6569,5.65,22541153.0,38.935
Madhya Pradesh,2019-08-31,Monthly,West,22.9734,78.6569,5.880000000000001,23368971.0,40.925
Madhya Pradesh,2019-09-30,Monthly,West,22.9734,78.6569,5.04,22815282.0,39.535
Madhya Pradesh,2019-10-31,Monthly,West,22.9734,78.6569,3.6900000000000004,23664353.0,39.83
Madhya Pradesh,2019-11-30,Monthly,West,22.9734,78.6569,4.39,22765885.0,38.69
Madhya Pradesh,2019-12-31,Monthly,West,22.9734,78.6569,4.57,23642050.0,40.3
Maharashtra,2019-05-31,Monthly,West,19.7515,75.7139,4.875,40859432.0,42.705
Maharashtra,2019-06-30,Monthly,West,19.7515,75.7139,5.4,40431564.0,42.495
Maharashtra,2019-07-31,Monthly,West,19.7515,75.7139,5.005,42059427.0,43.805
Maharashtra,2019-08-31,Monthly,West,19.7515,75.7139,5.665,43438156.0,45.255
Maharashtra,2019-09-30,Monthly,West,19.7515,75.7139,6.0,42615679.0,44.66
Maharashtra,2019-10-31,Monthly,West,19.7515,75.7139,5.66,41552240.0,43.33
Maharashtra,2019-11-30,Monthly,West,19.7515,75.7139,5.64,42368066.0,44.07
Maharashtra,2019-12-31,Monthly,West,19.7515,75.7139,5.43,42938769.0,44.275
Meghalaya,2019-05-31,Monthly,Northeast,25.467,91.3662,5.78,1347989.0,56.959999999999994
Meghalaya,2019-06-30,Monthly,Northeast,25.467,91.3662,6.445,1256049.0,54.69
Meghalaya,2019-07-31,Monthly,Northeast,25.467,91.3662,2.73,1442526.0,61.61
Meghalaya,2019-08-31,Monthly,Northeast,25.467,91.3662,3.16,1325158.0,56.565
Meghalaya,2019-09-30,Monthly,Northeast,25.467,91.3662,2.77,1416046.0,58.394999999999996
Meghalaya,2019-10-31,Monthly,Northeast,25.467,91.3662,5.45,1314984.0,55.575
Meghalaya,2019-11-30,Monthly,Northeast,25.467,91.3662,2.26,1499134.0,63.025000000000006
Meghalaya,2019-12-31,Monthly,Northeast,25.467,91.3662,3.505,1370414.0,58.11
Odisha,2019-05-31,Monthly,East,20.9517,85.0985,3.56,13675335.0,40.864999999999995
Odisha,2019-06-30,Monthly,East,20.9517,85.0985,3.67,13321444.0,39.165
Odisha,2019-07-31,Monthly,East,20.9517,85.0985,2.545,14552120.0,42.019999999999996
Odisha,2019-08-31,Monthly,East,20.9517,85.0985,3.59,14184642.0,41.19
Odisha,2019-09-30,Monthly,East,20.9517,85.0985,4.045,13738378.0,41.235
Odisha,2019-10-31,Monthly,East,20.9517,85.0985,4.390000000000001,14078389.0,41.195
Odisha,2019-11-30,Monthly,East,20.9517,85.0985,3.4749999999999996,14787092.0,42.885000000000005
Odisha,2019-12-31,Monthly,East,20.9517,85.0985,4.015,13714117.0,39.685
Puducherry,2019-05-31,Monthly,South,11.9416,79.8083,0.625,456379.0,39.394999999999996
Puducherry,2019-06-30,Monthly,South,11.9416,79.8083,0.0,488896.0,41.84
Puducherry,2019-07-31,Monthly,South,11.9416,79.8083,0.0,420344.0,34.665000000000006
Puducherry,2019-08-31,Monthly,South,11.9416,79.8083,6.8999999999999995,496812.0,45.12
Puducherry,2019-09-30,Monthly,South,11.9416,79.8083,0.61,462291.0,39.535
Puducherry,2019-10-31,Monthly,South,11.9416,79.8083,1.1749999999999998,492831.0,41.855000000000004
Puducherry,2019-11-30,Monthly,South,11.9416,79.8083,0.685,417790.0,34.595
Puducherry,2019-12-31,Monthly,South,11.9416,79.8083,3.6,493943.0,42.745000000000005
Punjab,2019-05-31,Monthly,North,31.1471,75.3412,11.33,9378465.0,42.41
Punjab,2019-06-30,Monthly,North,31.1471,75.3412,12.690000000000001,9333033.0,42.905
Punjab,2019-07-31,Monthly,North,31.1471,75.3412,10.625,9900571.0,44.56
Punjab,2019-08-31,Monthly,North,31.1471,75.3412,9.34,9683290.0,42.845
Punjab,2019-09-30,Monthly,North,31.1471,75.3412,12.14,9488149.0,42.730000000000004
Punjab,2019-10-31,Monthly,North,31.1471,75.3412,13.155000000000001,9092359.0,41.379999999999995
Punjab,2019-11-30,Monthly,North,31.1471,75.3412,8.73,9997265.0,43.685
Punjab,2019-12-31,Monthly,North,31.1471,75.3412,9.05,9739993.0,42.785
Rajasthan,2019-05-31,Monthly,North,27.0238,74.2179,8.825,20334441.0,38.980000000000004
Rajasthan,2019-06-30,Monthly,North,27.0238,74.2179,14.03,19851738.0,40.875
Rajasthan,2019-07-31,Monthly,North,27.0238,74.2179,10.684999999999999,20232343.0,40.08
Rajasthan,2019-08-31,Monthly,North,27.0238,74.2179,13.605,20247221.0,40.91
Rajasthan,2019-09-30,Monthly,North,27.0238,74.2179,9.040000000000001,20596598.0,39.195
Rajasthan,2019-10-31,Monthly,North,27.0238,74.2179,13.84,20562879.0,41.745
Rajasthan,2019-11-30,Monthly,North,27.0238,74.2179,12.385000000000002,20585271.0,40.8
Rajasthan,2019-12-31,Monthly,North,27.0238,74.2179,16.0,20594788.0,41.95
Sikkim,2019-05-31,Monthly,Northeast,27.533,88.5122,8.2,89587.0,48.61
Sikkim,2019-06-30,Monthly,Northeast,27.533,88.5122,7.76,89702.0,48.13
Sikkim,2019-07-31,Monthly,Northeast,27.533,88.5122,2.56,108334.0,54.67
Sikkim,2019-08-31,Monthly,Northeast,27.533,88.5122,4.82,90850.0,46.63
Sikkim,2019-09-30,Monthly,Northeast,27.533,88.5122,4.81,89450.0,45.61
Sikkim,2019-10-31,Monthly,Northeast,27.533,88.5122,7.58,234662.0,45.515
Sikkim,2019-11-30,Monthly,Northeast,27.533,88.5122,8.575,270177.0,53.42
Sikkim,2019-12-31,Monthly,Northeast,27.533,88.5122,4.1850000000000005,249682.0,45.769999999999996
Tamil Nadu,2019-05-31,Monthly,South,11.1271,78.6569,0.9299999999999999,27642778.0,43.375
Tamil Nadu,2019-06-30,Monthly,South,11.1271,78.6569,1.24,28694048.0,45.075
Tamil Nadu,2019-07-31,Monthly,South,11.1271,78.6569,4.595,28510342.0,46.415
Tamil Nadu,2019-08-31,Monthly,South,11.1271,78.6569,6.22,28397024.0,46.650000000000006
Tamil Nadu,2019-09-30,Monthly,South,11.1271,78.6569,1.7850000000000001,26498265.0,41.69
Tamil Nadu,2019-10-31,Monthly,South,11.1271,78.6569,1.295,27819595.0,43.485
Tamil Nadu,2019-11-30,Monthly,South,11.1271,78.6569,2.5549999999999997,27953382.0,44.165000000000006
Tamil Nadu,2019-12-31,Monthly,South,11.1271,78.6569,5.890000000000001,27617327.0,45.045
Telangana,2019-05-31,Monthly,South,18.1124,79.0193,1.875,16614002.0,53.165000000000006
Telangana,2019-06-30,Monthly,South,18.1124,79.0193,3.675,16412171.0,53.81
Telangana,2019-07-31,Monthly,South,18.1124,79.0193,3.09,16971191.0,54.38
Telangana,2019-08-31,Monthly,South,18.1124,79.0193,2.795,16288652.0,52.31
Telangana,2019-09-30,Monthly,South,18.1124,79.0193,5.84,18305200.0,59.925
Telangana,2019-10-31,Monthly,South,18.1124,79.0193,7.015000000000001,16693695.0,55.5
Telangana,2019-11-30,Monthly,South,18.1124,79.0193,5.85,16603947.0,54.519999999999996
Telangana,2019-12-31,Monthly,South,18.1124,79.0193,2.785,16385838.0,51.870000000000005
Tripura,2019-05-31,Monthly,Northeast,23.9408,91.9882,31.97,1442676.0,66.985
Tripura,2019-06-30,Monthly,Northeast,23.9408,91.9882,26.115000000000002,1515751.0,63.1
Tripura,2019-07-31,Monthly,Northeast,23.9408,91.9882,24.14,1463180.0,59.82
Tripura,2019-08-31,Monthly,Northeast,23.9408,91.9882,29.47,1344478.0,58.68
Tripura,2019-09-30,Monthly,Northeast,23.9408,91.9882,31.9,1452451.0,66.4
Tripura,2019-10-31,Monthly,Northeast,23.9408,91.9882,27.105,1528572.0,64.10499999999999
Tripura,2019-11-30,Monthly,Northeast,23.9408,91.9882,26.2,1512333.0,63.215
Tripura,2019-12-31,Monthly,Northeast,23.9408,91.9882,30.005,1446305.0,63.215
Uttar Pradesh,2019-05-31,Monthly,North,26.8467,80.9462,12.33,56679052.0,40.195
Uttar Pradesh,2019-06-30,Monthly,North,26.8467,80.9462,11.375,55901024.0,39.535
Uttar Pradesh,2019-07-31,Monthly,North,26.8467,80.9462,10.495000000000001,56559431.0,39.605000000000004
Uttar Pradesh,2019-08-31,Monthly,North,26.8467,80.9462,13.100000000000001,56878987.0,40.555
Uttar Pradesh,2019-09-30,Monthly,North,26.8467,80.9462,10.015,57721732.0,39.43
Uttar Pradesh,2019-10-31,Monthly,North,26.8467,80.9462,10.265,56771568.0,39.39
Uttar Pradesh,2019-11-30,Monthly,North,26.8467,80.9462,9.125,57390418.0,39.305
Uttar Pradesh,2019-12-31,Monthly,North,26.8467,80.9462,10.399999999999999,58497287.0,39.99
Uttarakhand,2019-05-31,Monthly,North,30.0668,79.0193,5.4,2784841.0,31.9
Uttarakhand,2019-06-30,Monthly,North,30.0668,79.0193,4.67,2928442.0,35.275
Uttarakhand,2019-07-31,Monthly,North,30.0668,79.0193,6.34,2860424.0,34.724999999999994
Uttarakhand,2019-08-31,Monthly,North,30.0668,79.0193,6.77,2735347.0,33.3
Uttarakhand,2019-09-30,Monthly,North,30.0668,79.0193,6.545,2868995.0,33.15
Uttarakhand,2019-10-31,Monthly,North,30.0668,79.0193,4.775,2952836.0,35.385
Uttarakhand,2019-11-30,Monthly,North,30.0668,79.0193,5.949999999999999,2912016.0,35.17
Uttarakhand,2019-12-31,Monthly,North,30.0668,79.0193,5.955,2792345.0,33.42
West Bengal,2019-05-31,Monthly,East,22.9868,87.855,6.635,34759052.0,46.39
West Bengal,2019-06-30,Monthly,East,22.9868,87.855,6.615,36154963.0,46.935
West Bengal,2019-07-31,Monthly,East,22.9868,87.855,6.765000000000001,35637636.0,46.58
West Bengal,2019-08-31,Monthly,East,22.9868,87.855,6.425,36381320.0,47.78
West Bengal,2019-09-30,Monthly,East,22.9868,87.855,6.525,36769422.0,47.805
West Bengal,2019-10-31,Monthly,East,22.9868,87.855,7.305,34916704.0,45.67
West Bengal,2019-11-30,Monthly,East,22.9868,87.855,6.220000000000001,36398821.0,46.72
West Bengal,2019-12-31,Monthly,East,22.9868,87.855,6.515000000000001,36241935.0,47.22
